time,CMP6
2016-01-19,40.9440002441406
2016-01-20,39.7400016784668
2016-01-21,39.9939994812012
2016-01-22,40.5099983215332
2016-01-25,39.2760009765625
2016-01-26,38.7120018005371
2016-01-27,37.6139984130859
2016-01-28,37.939998626709
2016-01-29,38.2400016784668
2016-02-01,39.3880004882812
2016-02-02,36.5559997558594
2016-02-03,34.6959991455078
2016-02-04,35.0660018920898
2016-02-05,32.5200004577637
2016-02-08,29.5979995727539
2016-02-09,29.6499996185303
2016-02-10,28.7339992523193
2016-02-11,30.0939998626709
2016-02-12,30.2080001831055
2016-02-16,31.0340003967285
2016-02-17,33.7360000610352
2016-02-18,33.3540000915527
2016-02-19,33.3160018920898
2016-02-22,35.5480003356934
2016-02-23,35.4420013427734
2016-02-24,35.7999992370605
2016-02-25,37.4860000610352
2016-02-26,38.068000793457
2016-02-29,38.3860015869141
2016-03-01,37.2700004577637
2016-03-02,37.6679992675781
2016-03-03,39.1479988098145
2016-03-04,40.2080001831055
2016-03-07,41.0579986572266
2016-03-08,40.5200004577637
2016-03-09,41.7439994812012
2016-03-10,41.0359992980957
2016-03-11,41.5
2016-03-14,43.0299987792969
2016-03-15,43.6679992675781
2016-03-16,44.3860015869141
2016-03-17,45.2760009765625
2016-03-18,46.5480003356934
2016-03-21,47.6640014648438
2016-03-22,46.8479995727539
2016-03-23,44.515998840332
2016-03-24,45.5499992370605
2016-03-28,46.0519981384277
2016-03-29,46.0260009765625
2016-03-30,45.3779983520508
2016-03-31,45.9539985656738
2016-04-01,47.5180015563965
2016-04-04,49.3979988098145
2016-04-05,51.0940017700195
2016-04-06,53.0839996337891
2016-04-07,51.439998626709
2016-04-08,50.0139999389648
2016-04-11,49.984001159668
2016-04-12,49.5639991760254
2016-04-13,50.9059982299805
2016-04-14,50.3720016479492
2016-04-15,50.9020004272461
2016-04-18,50.7760009765625
2016-04-19,49.4739990234375
2016-04-20,49.9939994812012
2016-04-21,49.6580009460449
2016-04-22,50.75
2016-04-25,50.3639984130859
2016-04-26,50.7480010986328
2016-04-27,50.2939987182617
2016-04-28,49.5419998168945
2016-04-29,48.1520004272461
2016-05-02,48.3600006103516
2016-05-03,46.4640007019043
2016-05-04,44.5120010375977
2016-05-05,42.3059997558594
2016-05-06,42.9860000610352
2016-05-09,41.7840003967285
2016-05-10,41.7379989624024
2016-05-11,41.7919998168945
2016-05-12,41.4560012817383
2016-05-13,41.5219993591309
2016-05-16,41.6580009460449
2016-05-17,40.931999206543
2016-05-18,42.234001159668
2016-05-19,43.0419998168945
2016-05-20,44.0559997558594
2016-05-23,43.2439994812012
2016-05-24,43.5820007324219
2016-05-25,43.9160003662109
2016-05-26,45.0239982604981
2016-05-27,44.6080017089844
2016-05-31,44.6459999084473
2016-06-01,43.9119987487793
2016-06-02,43.7919998168945
2016-06-03,43.7980003356934
2016-06-06,44.1360015869141
2016-06-07,46.4679985046387
2016-06-08,47.1040000915527
2016-06-09,45.8720016479492
2016-06-10,43.757999420166
2016-06-13,43.5740013122559
2016-06-14,42.992000579834
2016-06-15,43.5400009155273
2016-06-16,43.5859985351563
2016-06-17,43.0940017700195
2016-06-20,43.939998626709
2016-06-21,43.9220008850098
2016-06-22,39.3320007324219
2016-06-23,39.2799987792969
2016-06-24,38.6300010681152
2016-06-27,39.7099990844727
2016-06-28,40.3580017089844
2016-06-29,42.0379981994629
2016-06-30,42.4560012817383
2016-07-01,43.2999992370606
2016-07-05,42.7960014343262
2016-07-06,42.8880004882813
2016-07-07,43.1879997253418
2016-07-08,43.3559989929199
2016-07-11,44.9560012817383
2016-07-12,44.9300003051758
2016-07-13,44.5060005187988
2016-07-14,44.3059997558594
2016-07-15,44.0800018310547
2016-07-18,45.25
2016-07-19,45.0519981384277
2016-07-20,45.6720008850098
2016-07-21,44.0999984741211
2016-07-22,44.4539985656738
2016-07-25,46.0019989013672
2016-07-26,45.9020004272461
2016-07-27,45.6980018615723
2016-07-28,46.1220016479492
2016-07-29,46.9580001831055
2016-08-01,46.0019989013672
2016-08-02,45.439998626709
2016-08-03,45.1580009460449
2016-08-04,46.1220016479492
2016-08-05,46.0060005187988
2016-08-08,45.2319984436035
2016-08-09,45.8160018920898
2016-08-10,45.1300010681152
2016-08-11,44.9819984436035
2016-08-12,45.1220016479492
2016-08-15,45.1180000305176
2016-08-16,44.7220001220703
2016-08-17,44.6479988098145
2016-08-18,44.7019996643066
2016-08-19,45
2016-08-22,44.5859985351563
2016-08-23,44.9679985046387
2016-08-24,44.523998260498
2016-08-25,44.1920013427734
2016-08-26,43.9980010986328
2016-08-29,43.0400009155273
2016-08-30,42.2680015563965
2016-08-31,42.4020004272461
2016-09-01,40.1539993286133
2016-09-02,39.5559997558594
2016-09-06,40.5660018920898
2016-09-07,40.3419990539551
2016-09-08,39.4720001220703
2016-09-09,38.8940010070801
2016-09-12,39.6599998474121
2016-09-13,39.2099990844727
2016-09-14,39.2820014953613
2016-09-15,40.0839996337891
2016-09-16,41.0800018310547
2016-09-19,41.2680015563965
2016-09-20,40.9280014038086
2016-09-21,41.0439987182617
2016-09-22,41.2859992980957
2016-09-23,41.4900016784668
2016-09-26,41.7980003356934
2016-09-27,41.1619987487793
2016-09-28,41.2540016174316
2016-09-29,40.1399993896484
2016-09-30,40.8059997558594
2016-10-03,42.7400016784668
2016-10-04,42.2820014953613
2016-10-05,41.6920013427734
2016-10-06,40.2000007629395
2016-10-07,39.3219985961914
2016-10-10,40.189998626709
2016-10-11,40.0200004577637
2016-10-12,40.3019981384277
2016-10-13,40.0480003356934
2016-10-14,39.3019981384277
2016-10-17,38.7919998168945
2016-10-18,39.8199996948242
2016-10-19,40.7120018005371
2016-10-20,39.8199996948242
2016-10-21,40.0180015563965
2016-10-24,40.5519981384277
2016-10-25,40.4679985046387
2016-10-26,40.4480018615723
2016-10-27,40.8019981384277
2016-10-28,39.9939994812012
2016-10-31,39.5460014343262
2016-11-01,38.1580009460449
2016-11-02,37.6040000915527
2016-11-03,37.484001159668
2016-11-04,38.1119995117187
2016-11-07,38.6419982910156
2016-11-08,38.9879989624023
2016-11-09,38.0120010375977
2016-11-10,37.0699996948242
2016-11-11,37.7120018005371
2016-11-14,36.2900009155273
2016-11-15,36.7540016174316
2016-11-16,36.7859992980957
2016-11-17,37.7319984436035
2016-11-18,37.0040016174316
2016-11-21,36.9039993286133
2016-11-22,38.234001159668
2016-11-23,38.6279983520508
2016-11-25,39.3300018310547
2016-11-28,39.2239990234375
2016-11-29,37.9140014648438
2016-11-30,37.8800010681152
2016-12-01,36.3759994506836
2016-12-02,36.2939987182617
2016-12-05,37.3600006103516
2016-12-06,37.1699981689453
2016-12-07,38.6300010681152
2016-12-08,38.4580001831055
2016-12-09,38.4360008239746
2016-12-12,38.4860000610352
2016-12-13,39.6300010681152
2016-12-14,39.7379989624023
2016-12-15,39.515998840332
2016-12-16,40.4980010986328
2016-12-19,40.5460014343262
2016-12-20,41.757999420166
2016-12-21,41.5400009155273
2016-12-22,41.689998626709
2016-12-23,42.6679992675781
2016-12-27,43.9059982299805
2016-12-28,43.9480018615723
2016-12-29,42.9360008239746
2016-12-30,42.7379989624023
2017-01-03,43.3979988098145
2017-01-04,45.3979988098145
2017-01-05,45.3499984741211
2017-01-06,45.8019981384277
2017-01-09,46.2560005187988
2017-01-10,45.9739990234375
2017-01-11,45.9459991455078
2017-01-12,45.9179992675781
2017-01-13,47.5499992370605
2017-01-17,47.1160011291504
2017-01-18,47.6720008850098
2017-01-19,48.7519989013672
2017-01-20,48.9459991455078
2017-01-23,49.7840003967285
2017-01-24,50.9220008850098
2017-01-25,50.8940010070801
2017-01-26,50.5019989013672
2017-01-27,50.5900001525879
2017-01-30,50.1259994506836
2017-01-31,50.3860015869141
2017-02-01,49.8479995727539
2017-02-02,50.310001373291
2017-02-03,50.265998840332
2017-02-06,51.5540008544922
2017-02-07,51.4959983825684
2017-02-08,52.4160003662109
2017-02-09,53.8400001525879
2017-02-10,53.8460006713867
2017-02-13,56.1199989318848
2017-02-14,56.1959991455078
2017-02-15,55.9519996643066
2017-02-16,53.7900009155274
2017-02-17,54.4459991455078
2017-02-21,55.4780006408691
2017-02-22,54.7019996643066
2017-02-23,51.1980018615723
2017-02-24,51.4000015258789
2017-02-27,49.2459983825684
2017-02-28,49.9980010986328
2017-03-01,50.0040016174316
2017-03-02,50.0960006713867
2017-03-03,50.3139991760254
2017-03-06,50.242000579834
2017-03-07,49.7179985046387
2017-03-08,49.3740005493164
2017-03-09,48.9799995422363
2017-03-10,48.7379989624023
2017-03-13,49.234001159668
2017-03-14,51.5999984741211
2017-03-15,51.1459999084473
2017-03-16,52.4099998474121
2017-03-17,52.2999992370606
2017-03-20,52.3839988708496
2017-03-21,50.1360015869141
2017-03-22,51.0019989013672
2017-03-23,50.9560012817383
2017-03-24,52.6319999694824
2017-03-27,54.0439987182617
2017-03-28,55.4900016784668
2017-03-29,55.476001739502
2017-03-30,55.5839996337891
2017-03-31,55.6599998474121
2017-04-03,59.7039985656738
2017-04-04,60.7400016784668
2017-04-05,59
2017-04-06,59.7400016784668
2017-04-07,60.507999420166
2017-04-10,62.4780006408691
2017-04-11,61.742000579834
2017-04-12,59.3680000305176
2017-04-13,60.7999992370606
2017-04-17,60.2879981994629
2017-04-18,60.0499992370605
2017-04-19,61.1040000915527
2017-04-20,60.5019989013672
2017-04-21,61.1199989318848
2017-04-24,61.6059989929199
2017-04-25,62.757999420166
2017-04-26,62.0340003967285
2017-04-27,61.726001739502
2017-04-28,62.8139991760254
2017-05-01,64.5660018920898
2017-05-02,63.7779998779297
2017-05-03,62.2039985656738
2017-05-04,59.0919990539551
2017-05-05,61.6699981689453
2017-05-08,61.4379997253418
2017-05-09,64.2519989013672
2017-05-10,65.0439987182617
2017-05-11,64.620002746582
2017-05-12,64.9619979858398
2017-05-15,63.1759986877441
2017-05-16,63.4020004272461
2017-05-17,61.2220001220703
2017-05-18,62.6119995117188
2017-05-19,62.1660003662109
2017-05-22,62.0699996948242
2017-05-23,60.7719993591309
2017-05-24,62.0439987182617
2017-05-25,63.3660011291504
2017-05-26,65.0279998779297
2017-05-30,67.0199966430664
2017-05-31,68.2020034790039
2017-06-01,68.0739974975586
2017-06-02,67.9700012207031
2017-06-05,69.463996887207
2017-06-06,70.5699996948242
2017-06-07,71.9300003051758
2017-06-08,74
2017-06-09,71.463996887207
2017-06-12,71.802001953125
2017-06-13,75.1900024414063
2017-06-14,76.1320037841797
2017-06-15,75.068000793457
2017-06-16,74.2799987792969
2017-06-19,73.9599990844727
2017-06-20,74.447998046875
2017-06-21,75.2799987792969
2017-06-22,76.5220031738281
2017-06-23,76.6900024414062
2017-06-26,75.4980010986328
2017-06-27,72.4739990234375
2017-06-28,74.2480010986328
2017-06-29,72.1500015258789
2017-06-30,72.3219985961914
2017-07-03,70.5240020751953
2017-07-05,65.4179992675781
2017-07-06,61.765998840332
2017-07-07,62.6440010070801
2017-07-10,63.2099990844727
2017-07-11,65.4440002441406
2017-07-12,65.9039993286133
2017-07-13,64.681999206543
2017-07-14,65.5559997558594
2017-07-17,63.9140014648438
2017-07-18,65.6480026245117
2017-07-19,65.052001953125
2017-07-20,65.984001159668
2017-07-21,65.6800003051758
2017-07-24,68.5039978027344
2017-07-25,67.9199981689453
2017-07-26,68.7699966430664
2017-07-27,66.8919982910156
2017-07-28,67.0139999389648
2017-07-31,64.6940002441406
2017-08-01,63.9140014648438
2017-08-02,65.1780014038086
2017-08-03,69.4179992675781
2017-08-04,71.3820037841797
2017-08-07,71.0339965820313
2017-08-08,73.0439987182617
2017-08-09,72.7060012817383
2017-08-10,71.0800018310547
2017-08-11,71.5739974975586
2017-08-14,72.7600021362305
2017-08-15,72.4660034179688
2017-08-16,72.5820007324219
2017-08-17,70.3840026855469
2017-08-18,69.4919967651367
2017-08-21,67.5719985961914
2017-08-22,68.2699966430664
2017-08-23,70.5540008544922
2017-08-24,70.5859985351563
2017-08-25,69.6100006103516
2017-08-28,69.1320037841797
2017-08-29,69.4720001220703
2017-08-30,70.6360015869141
2017-08-31,71.1800003051758
2017-09-01,71.0800018310547
2017-09-05,69.9179992675781
2017-09-06,68.9059982299805
2017-09-07,70.1220016479492
2017-09-08,68.6800003051758
2017-09-11,72.7379989624023
2017-09-12,72.5500030517578
2017-09-13,73.2460021972656
2017-09-14,75.5279998779297
2017-09-15,75.9619979858398
2017-09-18,77
2017-09-19,75.0199966430664
2017-09-20,74.7819976806641
2017-09-21,73.2959976196289
2017-09-22,70.2180023193359
2017-09-25,68.9980010986328
2017-09-26,69.0500030517578
2017-09-27,68.1940002441406
2017-09-28,67.9199981689453
2017-09-29,68.2200012207031
2017-10-02,68.3059997558594
2017-10-03,69.6279983520508
2017-10-04,71.0019989013672
2017-10-05,71.0660018920899
2017-10-06,71.3759994506836
2017-10-09,68.5879974365234
2017-10-10,71.1179962158203
2017-10-11,70.9199981689453
2017-10-12,71.1360015869141
2017-10-13,71.1139984130859
2017-10-16,70.120002746582
2017-10-17,71.1500015258789
2017-10-18,71.9300003051758
2017-10-19,70.3619995117188
2017-10-20,69.0199966430664
2017-10-23,67.4039993286133
2017-10-24,67.4680023193359
2017-10-25,65.1679992675781
2017-10-26,65.234001159668
2017-10-27,64.1740036010742
2017-10-30,64.015998840332
2017-10-31,66.3059997558594
2017-11-01,64.2160034179688
2017-11-02,59.8520011901856
2017-11-03,61.2179985046387
2017-11-06,60.5559997558594
2017-11-07,61.2099990844727
2017-11-08,60.8779983520508
2017-11-09,60.5979995727539
2017-11-10,60.5979995727539
2017-11-13,63.0800018310547
2017-11-14,61.7400016784668
2017-11-15,62.2599983215332
2017-11-16,62.5
2017-11-17,63.0099983215332
2017-11-20,61.7480010986328
2017-11-21,63.5620002746582
2017-11-22,62.5200004577637
2017-11-24,63.1100006103516
2017-11-27,63.3619995117188
2017-11-28,63.5099983215332
2017-11-29,61.507999420166
2017-11-30,61.7700004577637
2017-12-01,61.3059997558594
2017-12-04,61.0400009155273
2017-12-05,60.7400016784668
2017-12-06,62.6520004272461
2017-12-07,62.2480010986328
2017-12-08,63.0260009765625
2017-12-11,65.7819976806641
2017-12-12,68.2060012817383
2017-12-13,67.8059997558594
2017-12-14,67.5780029296875
2017-12-15,68.6900024414063
2017-12-18,67.7740020751953
2017-12-19,66.2200012207031
2017-12-20,65.7959976196289
2017-12-21,66.3320007324219
2017-12-22,65.0400009155274
2017-12-26,63.4580001831055
2017-12-27,62.3279991149902
2017-12-28,63.0719985961914
2017-12-29,62.2700004577637
2018-01-02,64.1060028076172
2018-01-03,63.4500007629395
2018-01-04,62.923999786377
2018-01-05,63.3160018920898
2018-01-08,67.2819976806641
2018-01-09,66.7379989624024
2018-01-10,66.9599990844727
2018-01-11,67.5899963378906
2018-01-12,67.2440032958984
2018-01-16,68.0120010375977
2018-01-17,69.431999206543
2018-01-18,68.9140014648438
2018-01-19,70.0039978027344
2018-01-22,70.3119964599609
2018-01-23,70.5579986572266
2018-01-24,69.1780014038086
2018-01-25,67.5279998779297
2018-01-26,68.5699996948242
2018-01-29,69.9059982299805
2018-01-30,69.1640014648438
2018-01-31,70.8619995117188
2018-02-01,69.8499984741211
2018-02-02,68.75
2018-02-05,66.6259994506836
2018-02-06,66.7939987182617
2018-02-07,69
2018-02-08,63.0460014343262
2018-02-09,62.0839996337891
2018-02-12,63.1459999084473
2018-02-13,64.7320022583008
2018-02-14,64.4619979858399
2018-02-15,66.8140029907227
2018-02-16,67.0979995727539
2018-02-20,66.9540023803711
2018-02-21,66.6600036621094
2018-02-22,69.234001159668
2018-02-23,70.4100036621094
2018-02-26,71.484001159668
2018-02-27,70.197998046875
2018-02-28,68.6119995117187
2018-03-01,66.1859970092773
2018-03-02,67.0240020751953
2018-03-05,66.6699981689453
2018-03-06,65.6399993896484
2018-03-07,66.4599990844727
2018-03-08,65.8199996948242
2018-03-09,65.4339981079102
2018-03-12,69.1019973754883
2018-03-13,68.3679962158203
2018-03-14,65.3259963989258
2018-03-15,65.120002746582
2018-03-16,64.2699966430664
2018-03-19,62.7120018005371
2018-03-20,62.1100006103516
2018-03-21,63.3059997558594
2018-03-22,61.8199996948242
2018-03-23,60.3079986572266
2018-03-26,60.8359985351563
2018-03-27,55.8359985351563
2018-03-28,51.5559997558594
2018-03-29,53.226001739502
2018-04-02,50.4959983825684
2018-04-03,53.5060005187988
2018-04-04,57.3880004882813
2018-04-05,61.1440010070801
2018-04-06,59.8600006103516
2018-04-09,57.931999206543
2018-04-10,60.939998626709
2018-04-11,60.1860008239746
2018-04-12,58.8160018920898
2018-04-13,60.068000793457
2018-04-16,58.242000579834
2018-04-17,57.5379981994629
2018-04-18,58.6699981689453
2018-04-19,60.015998840332
2018-04-20,58.0480003356934
2018-04-23,56.673999786377
2018-04-24,56.6920013427734
2018-04-25,56.1380004882813
2018-04-26,57.0960006713867
2018-04-27,58.8160018920898
2018-04-30,58.7799987792969
2018-05-01,59.984001159668
2018-05-02,60.2299995422363
2018-05-03,56.8899993896484
2018-05-04,58.818000793457
2018-05-07,60.5540008544922
2018-05-08,60.3940010070801
2018-05-09,61.3699989318848
2018-05-10,61.0040016174316
2018-05-11,60.2120018005371
2018-05-14,58.3940010070801
2018-05-15,56.8359985351563
2018-05-16,57.2960014343262
2018-05-17,56.9080009460449
2018-05-18,55.3639984130859
2018-05-21,56.8979988098145
2018-05-22,55.0019989013672
2018-05-23,55.8139991760254
2018-05-24,55.5699996948242
2018-05-25,55.7700004577637
2018-05-29,56.7519989013672
2018-05-30,58.3440017700195
2018-05-31,56.9459991455078
2018-06-01,58.3639984130859
2018-06-04,59.3479995727539
2018-06-05,58.226001739502
2018-06-06,63.9000015258789
2018-06-07,63.2179985046387
2018-06-08,63.5320014953613
2018-06-11,66.4199981689453
2018-06-12,68.5540008544922
2018-06-13,68.9560012817383
2018-06-14,71.5439987182617
2018-06-15,71.6340026855469
2018-06-18,74.1660003662109
2018-06-19,70.5100021362305
2018-06-20,72.4440002441406
2018-06-21,69.5019989013672
2018-06-22,66.7259979248047
2018-06-25,66.6019973754883
2018-06-26,68.4000015258789
2018-06-27,68.9000015258789
2018-06-28,69.9860000610352
2018-06-29,68.5899963378906
2018-07-02,67.0139999389648
2018-07-03,62.1720008850098
2018-07-05,61.8320007324219
2018-07-06,61.7799987792969
2018-07-09,63.7019996643066
2018-07-10,64.4940032958984
2018-07-11,63.7919998168945
2018-07-12,63.3419990539551
2018-07-13,63.7739982604981
2018-07-16,62.0200004577637
2018-07-17,64.5380020141602
2018-07-18,64.7699966430664
2018-07-19,64.0459976196289
2018-07-20,62.7159996032715
2018-07-23,60.6399993896484
2018-07-24,59.4860000610352
2018-07-25,61.7480010986328
2018-07-26,61.3300018310547
2018-07-27,59.4360008239746
2018-07-30,58.0340003967285
2018-07-31,59.6279983520508
2018-08-01,60.1679992675781
2018-08-02,69.9079971313477
2018-08-03,69.6340026855469
2018-08-06,68.3980026245117
2018-08-07,75.9140014648438
2018-08-08,74.068000793457
2018-08-09,70.4899978637695
2018-08-10,71.0979995727539
2018-08-13,71.2819976806641
2018-08-14,69.5279998779297
2018-08-15,67.7379989624023
2018-08-16,67.0899963378906
2018-08-17,61.0999984741211
2018-08-20,61.6879997253418
2018-08-21,64.379997253418
2018-08-22,64.3280029296875
2018-08-23,64.0199966430664
2018-08-24,64.5640029907227
2018-08-27,63.8540000915527
2018-08-28,62.3720016479492
2018-08-29,61.0019989013672
2018-08-30,60.6300010681152
2018-08-31,60.3320007324219
2018-09-04,57.7900009155273
2018-09-05,56.1479988098145
2018-09-06,56.189998626709
2018-09-07,52.6479988098145
2018-09-10,57.0999984741211
2018-09-11,55.8880004882812
2018-09-12,58.1080017089844
2018-09-13,57.8919982910156
2018-09-14,59.0400009155273
2018-09-17,58.9679985046387
2018-09-18,56.992000579834
2018-09-19,59.8040008544922
2018-09-20,59.6660003662109
2018-09-21,59.8199996948242
2018-09-24,59.9360008239746
2018-09-25,60.1980018615723
2018-09-26,61.9160003662109
2018-09-27,61.5040016174316
2018-09-28,52.9539985656738
2018-10-01,62.1399993896484
2018-10-02,60.2039985656738
2018-10-03,58.9599990844727
2018-10-04,56.3660011291504
2018-10-05,52.3899993896484
2018-10-08,50.1119995117188
2018-10-09,52.560001373291
2018-10-10,51.3759994506836
2018-10-11,50.4459991455078
2018-10-12,51.7560005187988
2018-10-15,51.9179992675781
2018-10-16,55.318000793457
2018-10-17,54.3559989929199
2018-10-18,52.7820014953613
2018-10-19,52
2018-10-22,52.189998626709
2018-10-23,58.8279991149902
2018-10-24,57.7000007629395
2018-10-25,62.9720001220703
2018-10-26,66.1800003051758
2018-10-29,66.9700012207031
2018-10-30,65.9800033569336
2018-10-31,67.463996887207
2018-11-01,68.8560028076172
2018-11-02,69.2819976806641
2018-11-05,68.2799987792969
2018-11-06,68.2119979858399
2018-11-07,69.6320037841797
2018-11-08,70.2799987792969
2018-11-09,70.1019973754883
2018-11-12,66.2559967041016
2018-11-13,67.7460021972656
2018-11-14,68.8000030517578
2018-11-15,69.6880035400391
2018-11-16,70.8619995117188
2018-11-19,70.6940002441406
2018-11-20,69.4980010986328
2018-11-21,67.6380004882813
2018-11-23,65.1660003662109
2018-11-26,69.1999969482422
2018-11-27,68.7839965820313
2018-11-28,69.5739974975586
2018-11-29,68.234001159668
2018-11-30,70.0960006713867
2018-12-03,71.697998046875
2018-12-04,71.9400024414063
2018-12-06,72.6119995117188
2018-12-07,71.5940017700195
2018-12-10,73.0299987792969
2018-12-11,73.3519973754883
2018-12-12,73.3199996948242
2018-12-13,75.3580017089844
2018-12-14,73.1419982910156
2018-12-17,69.6839981079102
2018-12-18,67.4059982299805
2018-12-19,66.5940017700195
2018-12-20,63.0760002136231
2018-12-21,63.9539985656738
2018-12-24,59.0779991149902
2018-12-26,65.2180023193359
2018-12-27,63.226001739502
2018-12-28,66.7740020751953
2018-12-31,66.5599975585937
2019-01-02,62.023998260498
2019-01-03,60.0719985961914
2019-01-04,63.5379981994629
2019-01-07,66.9919967651367
2019-01-08,67.0699996948242
2019-01-09,67.7060012817383
2019-01-10,68.9940032958984
2019-01-11,69.4520034790039
2019-01-14,66.879997253418
2019-01-15,68.8860015869141
2019-01-16,69.2099990844727
2019-01-17,69.4619979858399
2019-01-18,60.4519996643066
2019-01-22,59.7840003967285
2019-01-23,57.5180015563965
2019-01-24,58.3019981384277
2019-01-25,59.4080009460449
2019-01-28,59.2760009765625
2019-01-29,59.492000579834
2019-01-30,61.7540016174316
2019-01-31,61.4039993286133
2019-02-01,62.4420013427734
2019-02-04,62.5779991149902
2019-02-05,64.2699966430664
2019-02-06,63.4440002441406
2019-02-07,61.5019989013672
2019-02-08,61.1599998474121
2019-02-11,62.568000793457
2019-02-12,62.3619995117187
2019-02-13,61.6339988708496
2019-02-14,60.7540016174316
2019-02-15,61.576000213623
2019-02-19,61.1279983520508
2019-02-20,60.5120010375977
2019-02-21,58.2459983825684
2019-02-22,58.9420013427734
2019-02-25,59.7540016174316
2019-02-26,59.5719985961914
2019-02-27,62.9480018615723
2019-02-28,63.976001739502
2019-03-01,58.9580001831055
2019-03-04,57.0719985961914
2019-03-05,55.3079986572266
2019-03-06,55.2480010986328
2019-03-07,55.318000793457
2019-03-08,56.8279991149902
2019-03-11,58.1839981079102
2019-03-12,56.6720008850098
2019-03-13,57.7919998168945
2019-03-14,57.992000579834
2019-03-15,55.0859985351562
2019-03-18,53.8979988098145
2019-03-19,53.4939994812012
2019-03-20,54.7200012207031
2019-03-21,54.8040008544922
2019-03-22,52.9059982299805
2019-03-25,52.0839996337891
2019-03-26,53.5540008544922
2019-03-27,54.9659996032715
2019-03-28,55.7239990234375
2019-03-29,55.9720001220703
2019-04-01,57.8359985351563
2019-04-02,57.1759986877441
2019-04-03,58.3619995117188
2019-04-04,53.5559997558594
2019-04-05,54.992000579834
2019-04-08,54.6399993896484
2019-04-09,54.4620018005371
2019-04-10,55.2120018005371
2019-04-11,53.6839981079102
2019-04-12,53.5400009155273
2019-04-15,53.2760009765625
2019-04-16,54.6720008850098
2019-04-17,54.2459983825684
2019-04-18,54.6520004272461
2019-04-22,52.5499992370605
2019-04-23,52.7799987792969
2019-04-24,51.7319984436035
2019-04-25,49.5260009765625
2019-04-26,47.0279998779297
2019-04-29,48.2939987182617
2019-04-30,47.7379989624023
2019-05-01,46.8019981384277
2019-05-02,48.8199996948242
2019-05-03,51.0060005187988
2019-05-06,51.068000793457
2019-05-07,49.4119987487793
2019-05-08,48.9679985046387
2019-05-09,48.3959999084473
2019-05-10,47.9039993286133
2019-05-13,45.4020004272461
2019-05-14,46.4620018005371
2019-05-15,46.3899993896484
2019-05-16,45.6660003662109
2019-05-17,42.2060012817383
2019-05-20,41.0719985961914
2019-05-21,41.015998840332
2019-05-22,38.5460014343262
2019-05-23,39.0979995727539
2019-05-24,38.1259994506836
2019-05-28,37.7400016784668
2019-05-29,37.9720001220703
2019-05-30,37.6440010070801
2019-05-31,37.0320014953613
2019-06-03,35.7939987182617
2019-06-04,38.7200012207031
2019-06-05,39.318000793457
2019-06-06,41.189998626709
2019-06-07,40.9000015258789
2019-06-10,42.5760002136231
2019-06-11,43.4199981689453
2019-06-12,41.8520011901856
2019-06-13,42.7820014953613
2019-06-14,42.984001159668
2019-06-17,45.0060005187988
2019-06-18,44.9480018615723
2019-06-19,45.2859992980957
2019-06-20,43.923999786377
2019-06-21,44.3720016479492
2019-06-24,44.7280006408691
2019-06-25,43.9519996643066
2019-06-26,43.8540000915527
2019-06-27,44.568000793457
2019-06-28,44.6920013427734
2019-07-01,45.4339981079102
2019-07-02,44.9099998474121
2019-07-03,46.9799995422363
2019-07-05,46.6199989318848
2019-07-08,46.068000793457
2019-07-09,46.0120010375977
2019-07-10,47.7840003967285
2019-07-11,47.7200012207031
2019-07-12,49.015998840332
2019-07-15,50.7000007629395
2019-07-16,50.476001739502
2019-07-17,50.9720001220703
2019-07-18,50.7080001831055
2019-07-19,51.6360015869141
2019-07-22,51.1360015869141
2019-07-23,52.0340003967285
2019-07-24,52.976001739502
2019-07-25,45.7639999389648
2019-07-26,45.6080017089844
2019-07-29,47.1539993286133
2019-07-30,48.4519996643066
2019-07-31,48.3219985961914
2019-08-01,46.7700004577637
2019-08-02,46.8680000305176
2019-08-05,45.6640014648437
2019-08-06,46.1500015258789
2019-08-07,46.6839981079102
2019-08-08,47.6599998474121
2019-08-09,47.0019989013672
2019-08-12,45.8019981384277
2019-08-13,47
2019-08-14,43.923999786377
2019-08-15,43.1279983520508
2019-08-16,43.9879989624023
2019-08-19,45.3660011291504
2019-08-20,45.1720008850098
2019-08-21,44.1660003662109
2019-08-22,44.4300003051758
2019-08-23,42.2799987792969
2019-08-26,43
2019-08-27,42.8160018920898
2019-08-28,43.1180000305176
2019-08-29,44.3419990539551
2019-08-30,45.1220016479492
2019-09-03,45.0019989013672
2019-09-04,44.1360015869141
2019-09-05,45.9160003662109
2019-09-06,45.4900016784668
2019-09-09,46.3580017089844
2019-09-10,47.1080017089844
2019-09-11,49.4199981689453
2019-09-12,49.173999786377
2019-09-13,49.0400009155273
2019-09-16,48.5620002746582
2019-09-17,48.9580001831055
2019-09-18,48.6980018615723
2019-09-19,49.3199996948242
2019-09-20,48.1240005493164
2019-09-23,48.2459983825684
2019-09-24,44.6419982910156
2019-09-25,45.7400016784668
2019-09-26,48.5120010375977
2019-09-27,48.4259986877441
2019-09-30,48.173999786377
2019-10-01,48.9379997253418
2019-10-02,48.6259994506836
2019-10-03,46.6059989929199
2019-10-04,46.2859992980957
2019-10-07,47.5439987182617
2019-10-08,48.0099983215332
2019-10-09,48.9059982299805
2019-10-10,48.9480018615723
2019-10-11,49.5779991149902
2019-10-14,51.3919982910156
2019-10-15,51.5779991149902
2019-10-16,51.9500007629395
2019-10-17,52.3940010070801
2019-10-18,51.3899993896484
2019-10-21,50.7000007629395
2019-10-22,51.1160011291504
2019-10-23,50.9360008239746
2019-10-24,59.9360008239746
2019-10-25,65.6259994506836
2019-10-28,65.5419998168945
2019-10-29,63.2439994812012
2019-10-30,63.0019989013672
2019-10-31,62.984001159668
2019-11-01,62.6619987487793
2019-11-04,63.4939994812012
2019-11-05,63.4440002441406
2019-11-06,65.3160018920898
2019-11-07,67.1080017089844
2019-11-08,67.4280014038086
2019-11-11,69.0179977416992
2019-11-12,69.9860000610352
2019-11-13,69.2220001220703
2019-11-14,69.870002746582
2019-11-15,70.4339981079102
2019-11-18,69.9980010986328
2019-11-19,71.9039993286133
2019-11-20,70.4440002441406
2019-11-21,70.9660034179688
2019-11-22,66.6080017089844
2019-11-25,67.2679977416992
2019-11-26,65.7839965820313
2019-11-27,66.2580032348633
2019-11-29,65.9879989624023
2019-12-02,66.9739990234375
2019-12-03,67.2399978637695
2019-12-04,66.6060028076172
2019-12-05,66.0739974975586
2019-12-06,67.1780014038086
2019-12-09,67.9059982299805
2019-12-10,69.7679977416992
2019-12-11,70.5400009155273
2019-12-12,71.9359970092773
2019-12-13,71.6780014038086
2019-12-16,76.3000030517578
2019-12-17,75.7979965209961
2019-12-18,78.629997253418
2019-12-19,80.8079986572266
2019-12-20,81.1179962158203
2019-12-23,83.8440017700195
2019-12-24,85.0500030517578
2019-12-26,86.1880035400391
2019-12-27,86.0759963989258
2019-12-30,82.9400024414062
2019-12-31,83.6660003662109
2020-01-02,86.052001953125
2020-01-03,88.6019973754883
2020-01-06,90.3079986572266
2020-01-07,93.8119964599609
2020-01-08,98.4280014038086
2020-01-09,96.2679977416992
2020-01-10,95.629997253418
2020-01-13,104.97200012207
2020-01-14,107.583999633789
2020-01-15,103.699996948242
2020-01-16,102.697998046875
2020-01-17,102.099998474121
2020-01-21,109.440002441406
2020-01-22,113.912002563477
2020-01-23,114.440002441406
2020-01-24,112.963996887207
2020-01-27,111.603996276855
2020-01-28,113.379997253418
2020-01-29,116.197998046875
2020-01-30,128.162002563477
2020-01-31,130.113998413086
2020-02-03,156
2020-02-04,177.412002563477
2020-02-05,146.940002441406
2020-02-06,149.792007446289
2020-02-07,149.613998413086
2020-02-10,154.255996704102
2020-02-11,154.876007080078
2020-02-12,153.457992553711
2020-02-13,160.800003051758
2020-02-14,160.005996704102
2020-02-18,171.679992675781
2020-02-19,183.483993530273
2020-02-20,179.88200378418
2020-02-21,180.199996948242
2020-02-24,166.757995605469
2020-02-25,159.981994628906
2020-02-26,155.759994506836
2020-02-27,135.800003051758
2020-02-28,133.598007202148
2020-03-02,148.723999023438
2020-03-03,149.102005004883
2020-03-04,149.899993896484
2020-03-05,144.908004760742
2020-03-06,140.695999145508
2020-03-09,121.599998474121
2020-03-10,129.065994262695
2020-03-11,126.846000671387
2020-03-12,112.110000610352
2020-03-13,109.323997497559
2020-03-16,89.0139999389649
2020-03-17,86.0400009155273
2020-03-18,72.2440032958984
2020-03-19,85.5279998779297
2020-03-20,85.5059967041016
2020-03-23,86.8580017089844
2020-03-24,101
2020-03-25,107.849998474121
2020-03-26,105.63200378418
2020-03-27,102.872001647949
2020-03-30,100.426002502441
2020-03-31,104.800003051758
2020-04-01,96.3119964599609
2020-04-02,90.8939971923828
2020-04-03,96.0019989013672
2020-04-06,103.248001098633
2020-04-07,109.089996337891
2020-04-08,109.767997741699
2020-04-09,114.599998474121
2020-04-13,130.190002441406
2020-04-14,141.977996826172
2020-04-15,145.966003417969
2020-04-16,149.042007446289
2020-04-17,150.77799987793
2020-04-20,149.272003173828
2020-04-21,137.343994140625
2020-04-22,146.421997070313
2020-04-23,141.126007080078
2020-04-24,145.029998779297
2020-04-27,159.75
2020-04-28,153.824005126953
2020-04-29,160.102005004883
2020-04-30,156.376007080078
2020-05-01,140.264007568359
2020-05-04,152.238006591797
2020-05-05,153.641998291016
2020-05-06,156.516006469727
2020-05-07,156.007995605469
2020-05-08,163.884002685547
2020-05-11,162.257995605469
2020-05-12,161.88200378418
2020-05-13,158.192001342773
2020-05-14,160.666000366211
2020-05-15,159.833999633789
2020-05-18,162.725997924805
2020-05-19,161.602005004883
2020-05-20,163.111999511719
2020-05-21,165.520004272461
2020-05-22,163.376007080078
2020-05-26,163.774002075195
2020-05-27,164.046005249023
2020-05-28,161.162002563477
2020-05-29,167
2020-06-01,179.619995117188
2020-06-02,176.311996459961
2020-06-03,176.591995239258
2020-06-04,172.876007080078
2020-06-05,177.13200378418
2020-06-08,189.983993530273
2020-06-09,188.134002685547
2020-06-10,205.009994506836
2020-06-11,194.567993164063
2020-06-12,187.055999755859
2020-06-15,198.179992675781
2020-06-16,196.425994873047
2020-06-17,198.358001708984
2020-06-18,200.792007446289
2020-06-19,200.179992675781
2020-06-22,198.863998413086
2020-06-23,200.356002807617
2020-06-24,192.169998168945
2020-06-25,197.195999145508
2020-06-26,191.947998046875
2020-06-29,201.869995117187
2020-06-30,215.962005615234
2020-07-01,223.925994873047
2020-07-02,241.731994628906
2020-07-06,274.316009521484
2020-07-07,277.971984863281
2020-07-08,273.175994873047
2020-07-09,278.855987548828
2020-07-10,308.929992675781
2020-07-13,299.411987304688
2020-07-14,303.359985351562
2020-07-15,309.201995849609
2020-07-16,300.127990722656
2020-07-17,300.167999267578
2020-07-20,328.600006103516
2020-07-21,313.671997070312
2020-07-22,318.466003417969
2020-07-23,302.614013671875
2020-07-24,283.399993896484
2020-07-27,307.920013427734
2020-07-28,295.298004150391
2020-07-29,299.821990966797
2020-07-30,297.497985839844
2020-07-31,286.152008056641
2020-08-03,297
2020-08-04,297.399993896484
2020-08-05,297.003997802734
2020-08-06,297.915985107422
2020-08-07,290.5419921875
2020-08-10,283.713989257812
2020-08-11,274.877990722656
2020-08-12,310.951995849609
2020-08-13,324.200012207031
2020-08-14,330.141998291016
2020-08-17,367.127990722656
2020-08-18,377.417999267578
2020-08-19,375.705993652344
2020-08-20,400.365997314453
2020-08-21,409.996002197266
2020-08-24,402.839996337891
2020-08-25,404.667999267578
2020-08-26,430.634002685547
2020-08-27,447.75
2020-08-28,442.679992675781
2020-08-31,498.320007324219
2020-09-01,475.049987792969
2020-09-02,447.369995117188
2020-09-03,407
2020-09-04,418.320007324219
2020-09-08,330.209991455078
2020-09-09,366.279998779297
2020-09-10,371.339996337891
2020-09-11,372.720001220703
2020-09-14,419.619995117187
2020-09-15,449.760009765625
2020-09-16,441.760009765625
2020-09-17,423.429992675781
2020-09-18,442.149993896484
2020-09-21,449.390014648438
2020-09-22,424.230010986328
2020-09-23,380.359985351562
2020-09-24,387.790008544922
2020-09-25,407.339996337891
2020-09-28,421.200012207031
2020-09-29,419.070007324219
2020-09-30,429.010009765625
2020-10-01,448.160003662109
2020-10-02,415.089996337891
2020-10-05,425.679992675781
2020-10-06,413.980010986328
2020-10-07,425.299987792969
2020-10-08,425.920013427734
2020-10-09,434
2020-10-12,442.299987792969
2020-10-13,446.649993896484
2020-10-14,461.299987792969
2020-10-15,448.880004882813
2020-10-16,439.670013427734
2020-10-19,430.829986572266
2020-10-20,421.940002441406
2020-10-21,422.640014648438
2020-10-22,425.790008544922
2020-10-23,420.630004882813
2020-10-26,420.279998779297
2020-10-27,424.679992675781
2020-10-28,406.019989013672
2020-10-29,410.829986572266
2020-10-30,388.040008544922
2020-11-02,400.510009765625
2020-11-03,423.899993896484
2020-11-04,420.980010986328
2020-11-05,438.089996337891
2020-11-06,429.950012207031
2020-11-09,421.260009765625
2020-11-10,410.359985351563
2020-11-11,417.130004882813
2020-11-12,411.760009765625
2020-11-13,408.5
2020-11-16,408.089996337891
2020-11-17,441.609985351563
2020-11-18,486.640014648438
2020-11-19,499.269989013672
2020-11-20,489.609985351563
2020-11-23,521.849975585937
2020-11-24,555.380004882813
2020-11-25,574
2020-11-27,585.760009765625
2020-11-30,567.599975585938
2020-12-01,584.760009765625
2020-12-02,568.820007324219
2020-12-03,593.380004882813
2020-12-04,599.039978027344
2020-12-07,641.760009765625
2020-12-08,649.880004882813
2020-12-09,604.47998046875
2020-12-10,627.070007324219
2020-12-11,609.989990234375
2020-12-14,639.830017089844
2020-12-15,633.25
2020-12-16,622.77001953125
2020-12-17,655.900024414063
2020-12-18,695
2020-12-21,649.859985351563
2020-12-22,640.340026855469
2020-12-23,645.97998046875
2020-12-24,661.77001953125
2020-12-28,663.690002441406
2020-12-29,665.989990234375
2020-12-30,694.780029296875
2020-12-31,705.669982910156
2021-01-04,729.77001953125
2021-01-05,735.109985351563
2021-01-06,755.97998046875
2021-01-07,816.039978027344
2021-01-08,880.02001953125
2021-01-11,811.190002441406
2021-01-12,849.440002441406
2021-01-13,854.409973144531
2021-01-14,845
2021-01-15,826.159973144531

